{"version": 182, "timestamp": 816103, "payload_type": "DATA", "fsm_state": "INHALE", "pressure_air_supply": 13, "pressure_air_regulated": 365.1913757324219, "pressure_o2_supply": 45, "pressure_o2_regulated": 0.0322265625, "pressure_buffer": 239.28102111816406, "pressure_inhale": 17.676271438598633, "pressure_patient": 16.122142791748047, "temperature_buffer": 659, "pressure_diff_patient": 0.5741281509399414, "ambient_pressure": 0, "ambient_temperature": 0, "airway_pressure": 7.061350345611572, "flow": 34.1150016784668, "flow_calc": 0.9805641174316406, "volume": 46869.6953125, "target_pressure": 17.0, "process_pressure": 17.676271438598633, "valve_duty_cycle": 0.5721527934074402, "proportional": -0.0013525428948923945, "integral": 0.04374659061431885, "derivative": -0.12062221765518188}
